{
  "dataset": "Pets",
  "best_targeted": {
    "dataset": "Pets",
    "config_name": "agp_residual015_g02",
    "family": "AGP",
    "image_guidance": 0.2,
    "concat_ACC": 0.6862905423821205,
    "concat_NMI": 0.8086434850460311,
    "concat_ARI": 0.610611686877647,
    "train_ACC": 0.8255655491959663,
    "train_NMI": 0.8592264208988776,
    "train_ARI": 0.7336941185993546,
    "config": "{\"name\": \"agp_residual015_g02\", \"family\": \"AGP\", \"image_guidance\": 0.2, \"anchor_multiplier\": 6.0, \"anchor_cap\": 768, \"proto_mix_max\": 0.5, \"proto_residual_rho\": 0.15}",
    "meta": "{\"mean_gate_train\": 0.31748151779174805, \"mean_gate_test\": 0.31734269857406616, \"mean_smooth_train\": 0.16710925102233887, \"mean_smooth_test\": 0.16622357070446014, \"mean_proto_mix_train\": 0.2561456859111786, \"mean_proto_mix_test\": 0.25496476888656616, \"anchor_num_train\": 64, \"anchor_num_test\": 64}"
  },
  "previous_best": {
    "dataset": "Pets",
    "method": "SAGE-AGP[g=0.25]",
    "concat_ACC": 0.6860179885527392,
    "concat_delta_vs_TAC": -0.0160806759334968,
    "concat_delta_vs_KEC": 0.0239847369855547,
    "train_ACC": 0.821749795584628,
    "train_delta_vs_TAC": 0.0482420278004906,
    "train_delta_vs_KEC": 0.0446988280185337,
    "family": "SAGE-AGP"
  },
  "tac_baseline": {
    "dataset": "Pets",
    "method": "TAC[g=0.0]",
    "concat_ACC": 0.702098664486236,
    "concat_delta_vs_TAC": 0.0,
    "concat_delta_vs_KEC": 0.0400654129190515,
    "train_ACC": 0.7735077677841373,
    "train_delta_vs_TAC": 0.0,
    "train_delta_vs_KEC": -0.0035431997819569,
    "family": "TAC"
  },
  "kec_reproduction": {
    "dataset": "Pets",
    "method": "KEC[g=0.5]",
    "concat_ACC": 0.6620332515671845,
    "concat_delta_vs_TAC": -0.0400654129190515,
    "concat_delta_vs_KEC": 0.0,
    "train_ACC": 0.7770509675660943,
    "train_delta_vs_TAC": 0.0035431997819569,
    "train_delta_vs_KEC": 0.0,
    "family": "KEC"
  },
  "paper_kec_reference": {
    "source": "KEC paper Table 1 (main paper)",
    "concat": {
      "NMI": 0.812,
      "ACC": 0.678,
      "ARI": 0.633
    },
    "train": {
      "NMI": 0.805,
      "ACC": 0.673,
      "ARI": 0.631
    }
  },
  "gain_vs_previous_best_train_acc": 0.003815753611338235,
  "gain_vs_tac_train_acc": 0.05205778141182893
}