{
  "dataset": "STL-10",
  "method_family": "KEC",
  "concat_metrics": {
    "ACC": 0.86325,
    "NMI": 0.9223273619868699,
    "ARI": 0.8512348558334453
  },
  "train_variants": [
    {
      "variant_name": "KEC[g=0.5]",
      "variant_suffix": "g=0.5",
      "train_metrics": {
        "dataset": "STL-10",
        "epochs": 20,
        "batch_size": 512,
        "temperature": 0.5,
        "topK": 50,
        "cluster_num": 10,
        "final_loss_distill": 2.5063878430260553,
        "final_loss_consist": 0.008932408048874803,
        "final_loss_entropy": 4.5892546441819935,
        "ACC": 0.9845,
        "NMI": 0.9604866498949838,
        "ARI": 0.965974098434897
      }
    }
  ],
  "meta": {
    "train_image_guidance_options": [
      0.5
    ]
  }
}