{
  "dataset": "Pets",
  "method_family": "KEC",
  "concat_metrics": {
    "ACC": 0.6620332515671845,
    "NMI": 0.8034660661223374,
    "ARI": 0.5958808742402283
  },
  "train_variants": [
    {
      "variant_name": "KEC[g=0.5]",
      "variant_suffix": "g=0.5",
      "train_metrics": {
        "dataset": "Pets",
        "epochs": 20,
        "batch_size": 512,
        "temperature": 0.5,
        "topK": 50,
        "cluster_num": 37,
        "final_loss_distill": 5.328347751072475,
        "final_loss_consist": 0.3518227679388864,
        "final_loss_entropy": 7.166366236550467,
        "ACC": 0.7770509675660943,
        "NMI": 0.82813439046401,
        "ARI": 0.6784504298977441
      }
    }
  ],
  "meta": {
    "train_image_guidance_options": [
      0.5
    ]
  }
}