{
  "dataset": "Pets",
  "method_family": "SAGE-AGC",
  "concat_metrics": {
    "ACC": 0.678659035159444,
    "NMI": 0.8138488343584513,
    "ARI": 0.6176077137641252
  },
  "train_variants": [
    {
      "variant_name": "SAGE-AGC[adaptive]",
      "variant_suffix": "adaptive",
      "train_metrics": {
        "dataset": "Pets",
        "epochs": 20,
        "batch_size": 512,
        "temperature": 0.5,
        "topK": 50,
        "cluster_num": 37,
        "final_loss_distill": 5.508252961294992,
        "final_loss_consist": 0.3775714635848999,
        "final_loss_entropy": 7.167899949210031,
        "ACC": 0.8007631507222677,
        "NMI": 0.8433883637211865,
        "ARI": 0.707299901930405
      }
    }
  ],
  "meta": {
    "train_variants": [
      {
        "variant_suffix": "adaptive",
        "image_guidance_train": {
          "type": "ndarray",
          "shape": [
            3680
          ],
          "mean": 0.22189877927303314,
          "std": 0.08967887610197067
        },
        "image_guidance_test": {
          "type": "ndarray",
          "shape": [
            3669
          ],
          "mean": 0.22318923473358154,
          "std": 0.0909171998500824
        }
      }
    ],
    "mean_adaptive_gate_train": 0.22189877927303314,
    "mean_adaptive_gate_test": 0.22318923473358154
  }
}