dataset,clip_baseline_acc,clip_source,tac_local_acc,tac_local_source,tac_paper_acc,kec_local_acc,kec_paper_acc,ours_method,ours_acc,gain_vs_clip,gain_vs_tac_local,gain_vs_kec_local,gain_vs_best_local_prior,gain_vs_best_paper_prior
CIFAR-10,0.7621,tac_paper_reproduction_artifact,0.89308,official_reproduction,0.881,0.6774,,SAGE-HYB[adaptive],0.769,0.006900000000000017,-0.12407999999999997,0.09160000000000001,-0.12407999999999997,-0.11199999999999999
CIFAR-20,,missing:RuntimeError,0.5443,semantic_experiment_internal,,0.5678,,SAGE-A[g=0.5],0.5732,,0.028900000000000037,0.005400000000000071,0.005400000000000071,
DTD,0.4398936170212766,tac_paper_reproduction_artifact,0.4375,official_reproduction,0.479,0.4654255319148936,0.474,SAGE-AG[g=0.0],0.4792553191489361,0.03936170212765949,0.0417553191489361,0.01382978723404249,0.01382978723404249,0.0002553191489361173
Flowers,0.5725490196078431,computed_from_local_images,0.6774509803921569,semantic_experiment_internal,,0.6872549019607843,0.728,SAGE-A[g=0.5],0.6843137254901961,0.11176470588235299,0.006862745098039191,-0.002941176470588225,-0.002941176470588225,-0.04368627450980389
Pets,0.5167620605069502,computed_from_local_images,0.702098664486236,semantic_experiment_internal,,0.6835650040883074,0.678,SAGE-AGP[g=0.25],0.6860179885527392,0.16925592804578904,-0.016080675933496824,0.002452984464431762,-0.016080675933496824,0.008017988552739164
STL-10,0.9625,tac_paper_reproduction_artifact,0.8326,official_reproduction,0.819,0.86225,,SAGE-A[g=0.5],0.8635,-0.09899999999999998,0.03090000000000004,0.0012500000000000844,-0.09899999999999998,0.044500000000000095
StanfordDogs,0.2065597667638484,computed_from_local_images,0.4377065111758989,semantic_experiment_internal,,0.5048104956268221,,second_wave:dual_cross_preserve,0.5071428571428571,0.3005830903790087,0.06943634596695819,0.0023323615160349975,0.0023323615160349975,
