dataset,clip_baseline_acc,tac_local_acc,tac_local_source,tac_paper_acc,kec_local_acc,kec_paper_acc,ours_method,ours_acc,gain_vs_tac_local,gain_vs_kec_local,gain_vs_best_local_prior,gain_vs_best_paper_prior
CIFAR-10,,0.9143,official_reproduction,0.963,0.9062,,SAGE-AG[g=0.0],0.9225,0.008199999999999985,0.01629999999999998,0.008199999999999985,-0.04049999999999998
CIFAR-20,,0.5238,semantic_experiment_internal,,0.554,,ag_base_g0,0.6125,0.0887,0.058499999999999996,0.058499999999999996,
DTD,,0.4978723404255319,official_reproduction,0.533,0.4797872340425532,0.513,ag_texture35_res,0.5218,0.02392765957446813,0.04201276595744685,0.02392765957446813,-0.011199999999999988
Flowers,,0.4176470588235294,semantic_experiment_internal,,0.4333333333333333,0.726,ag_guidance08_res,0.4843,0.06665294117647058,0.050966666666666716,0.050966666666666716,-0.24169999999999997
Pets,,0.7735077677841373,semantic_experiment_internal,,0.776778413736713,0.673,agp_residual015_g02,0.8256,0.05209223221586268,0.04882158626328703,0.04882158626328703,0.15259999999999996
STL-10,,0.971875,official_reproduction,0.95,0.984375,,SAGE-AG[g=0.5],0.9855,0.013624999999999998,0.0011250000000000426,0.0011250000000000426,0.03550000000000009
StanfordDogs,,0.4580174927113702,semantic_experiment_internal,,0.5373663751214771,,second_wave:dual_cross_preserve,0.5650631681243926,0.1070456754130224,0.0276967930029155,0.0276967930029155,
