{
  "dataset": "DTD",
  "best_targeted": {
    "dataset": "DTD",
    "config_name": "ag_texture35_res",
    "family": "AG",
    "image_guidance": 0.05,
    "concat_ACC": 0.45851063829787236,
    "concat_NMI": 0.6120994789117082,
    "concat_ARI": 0.30790411769733556,
    "train_ACC": 0.5218085106382979,
    "train_NMI": 0.6309856335155035,
    "train_ARI": 0.36388965082564406,
    "config": "{\"name\": \"ag_texture35_res\", \"family\": \"AG\", \"image_guidance\": 0.05, \"graph_topk\": 35, \"smooth_min\": 0.06, \"smooth_max\": 0.43, \"certainty_power\": 1.2, \"graph_residual_rho\": 0.1}",
    "meta": "{\"mean_gate_train\": 0.1518022119998932, \"mean_gate_test\": 0.1518895924091339, \"mean_smooth_train\": 0.19685031473636627, \"mean_smooth_test\": 0.19609756767749786, \"mean_proto_mix_train\": 0.22626937925815582, \"mean_proto_mix_test\": 0.225764662027359, \"anchor_num_train\": 188, \"anchor_num_test\": 188}"
  },
  "previous_best": {
    "dataset": "DTD",
    "method": "SAGE-AG[g=0.0]",
    "concat_ACC": 0.4792553191489361,
    "concat_delta_vs_TAC": 0.0223404255319148,
    "concat_delta_vs_KEC": 0.0351063829787233,
    "train_ACC": 0.5090425531914894,
    "train_delta_vs_TAC": 0.0218085106382979,
    "train_delta_vs_KEC": 0.026063829787234,
    "family": "SAGE-AG"
  },
  "tac_baseline": {
    "dataset": "DTD",
    "method": "TAC[g=0.0]",
    "concat_ACC": 0.4569148936170212,
    "concat_delta_vs_TAC": 0.0,
    "concat_delta_vs_KEC": 0.0127659574468084,
    "train_ACC": 0.4872340425531914,
    "train_delta_vs_TAC": 0.0,
    "train_delta_vs_KEC": 0.0042553191489361,
    "family": "TAC"
  },
  "kec_reproduction": {
    "dataset": "DTD",
    "method": "KEC[g=0.5]",
    "concat_ACC": 0.4441489361702128,
    "concat_delta_vs_TAC": -0.0127659574468084,
    "concat_delta_vs_KEC": 0.0,
    "train_ACC": 0.4829787234042553,
    "train_delta_vs_TAC": -0.0042553191489361,
    "train_delta_vs_KEC": 0.0,
    "family": "KEC"
  },
  "paper_kec_reference": {
    "source": "KEC paper Table 6 (supplementary comparison results)",
    "concat": {
      "NMI": 0.607,
      "ACC": 0.474,
      "ARI": 0.315
    },
    "train": {
      "NMI": 0.625,
      "ACC": 0.513,
      "ARI": 0.36
    }
  },
  "gain_vs_previous_best_train_acc": 0.012765957446808529,
  "gain_vs_tac_train_acc": 0.0345744680851065
}